title,vote,created_at,comments
[SPOILERS] Weekly Rewatch | Season 4 Episode 1: Two Swords,38,Tue Mar 2 22:52:12 2010 UTC,30 comments
[SPOILERS] Jon Snow by Aleksandra Klepacka,3524,Mon Apr 9 15:50:26 2018 UTC,57 comments
[SPOILERS] Belfast International Airport fully embracing GoT.,3683,Fri Apr 13 04:55:57 2018 UTC,106 comments
[SPOILERS] Hodor by Aleksandra Klepacka,136,Thu Apr 12 13:53:28 2018 UTC,7 comments
"[SPOILERS] Drogon by my dad, G.A. Schopman",27,Fri Apr 13 04:54:19 2018 UTC,9 comments
"[SPOILERS]According to HBO’s President of Programming Casey Bloys, the show will shoot several different endings in a way to combat hackers and keep the finale secret. “I know in Game of Thrones, the ending, they’re going to shoot multiple versions so that nobody really knows what happens,” he said.",9,Fri Apr 13 11:20:35 2018 UTC,15 comments
[NO SPOILERS] What the next Character do you want? (Dark Horse Figure Collection),40,Fri Apr 13 12:51:51 2018 UTC,13 comments
[NO SPOILERS] Created this photo and thought Khaleesi’s dragons would fit perfectly,135,Fri Apr 13 04:44:46 2018 UTC,10 comments
[Spoilers] Who is a better leader? Tywin or Ned?,5,Thu Apr 12 21:59:39 2018 UTC,38 comments
[Spoilers] Game of Thrones Military Strengths as of 7x7,13,Fri Apr 13 13:38:04 2018 UTC,16 comments
[NO SPOILERS] Ordered this for my best friend’s birthday.,•,Fri Apr 13 07:46:38 2018 UTC,3 comments
[NO SPOILERS] Game of Thrones Spray Paint Art,•,last edited 7 hours ago,1 comment
[Spoilers] S8 Cersei Theory,9,Fri Apr 13 15:36:21 2018 UTC,7 comments
[SPOILERS] Why was Robb Stark...,10,Fri Apr 13 13:53:09 2018 UTC,13 comments
[NO SPOILERS] White Walker by Martin Rezard,3,Fri Apr 13 06:18:57 2018 UTC,1 comment
"[SPOILERS] The Night's Rewatch S03E08 - Second Sons, My Sword is Yours",2,last edited 9 hours ago,5 comments
[NO SPOILERS] George R. R. Martin on how he came up with the Wall,130,Fri Apr 13 05:15:28 2018 UTC,10 comments
[SPOILERS] Daenerys 100 Valyrian Note (created by Ana C Dias),6038,Fri Apr 13 13:07:54 2018 UTC,167 comments
[No spoilers] I recently got a tattoo covered. I thought my new one would be appreciated here. Winter is coming.,39,Fri Apr 13 12:46:33 2018 UTC,12 comments
[Spoilers] Best fight scene for each season?,•,Thu Apr 12 13:31:32 2018 UTC,6 comments
[SPOILERS] Sansa storyline in season 8,6,Wed Apr 11 17:41:40 2018 UTC,8 comments
[SPOILERS] Those final season costumes...,118,Thu Apr 12 19:27:39 2018 UTC,10 comments
[NO SPOILERS] What would YOU name your own Valyrian Steel Sword?!,12,Fri Apr 13 15:11:34 2018 UTC,54 comments
"[SPOILERS] Just started watching for the first time, who should I root for that doesn’t lives?",0,Fri Apr 13 06:10:38 2018 UTC,13 comments
[SPOILERS] What I was wishing I could of experience watching GOT the first time.,7,Thu Apr 12 11:21:31 2018 UTC,8 comments
[NO SPOILERS] Thought you all might appreciate my rendition of a Westeros map,205,Thu Apr 12 23:49:47 2018 UTC,22 comments
